prs,sp_name,linkage_name,temp_file
untouched,"__cxx_global_var_init.1",,wc.C
untouched,"",_GLOBAL__sub_I_wc.C,wc.C
both,"~timer",_ZN5timerD2Ev,./common/get_time.h
defef,"wordCounts",_Z10wordCountsRKN6parlay8sequenceIcNS_9allocatorIcEELb1EEEb,wc.C
both,"get_default_allocator",_ZN6parlay8internal21get_default_allocatorEv,./parlay/internal/../alloc.h
both,"allocate",_ZN6parlay8internal14pool_allocator8allocateEm,./parlay/internal/pool_allocator.h
both,"free_buffer",_ZN6parlay17sequence_internal13sequence_baseIcNS_9allocatorIcEELb1EE12storage_impl18capacitated_buffer11free_bufferERNS2_ISt4byteEE,./parlay/internal/sequence_base.h
defef,"parallel_for<(lambda at ./parlay/sequence.h:515:24)>",_ZN6parlay12parallel_forIZNS_8sequenceIcNS_9allocatorIcEELb1EEC1IZ10wordCountsRKS4_bE3$_0EEmOT_NS4_18_from_function_tagEmEUlmE_EEvmmS9_lb,./parlay/internal/scheduler_plugins/opencilk.h
defef,"next",_ZN5timer4nextENSt7__cxx1112basic_stringIcSt11char_traitsIcESaIcEEE,./common/get_time.h
defef,"free_buffer",_ZN6parlay17sequence_internal13sequence_baseISt4pairIllENS_9allocatorIS3_EELb0EE12storage_impl18capacitated_buffer11free_bufferERNS4_ISt4byteEE,./parlay/internal/sequence_base.h
defef,"parallel_for<(lambda at ./parlay/sequence.h:515:24)>",_ZN6parlay12parallel_forIZNS_8sequenceISt4pairIllENS_9allocatorIS3_EELb0EEC1IZNS_8internal7delayed20block_delayed_scan_tIRNS_16delayed_sequenceIS3_S3_ZNS_10map_tokensIRNS1_IcNS4_IcEELb1EEERZ10wordCountsRKSE_bE3$_1Z10wordCountsSH_bE3$_2EEDaOT_OT0_OT1_EUlmE1_EELb0EZNSC_ISF_SJ_SK_EEDaSM_SO_SQ_EUlS3_S3_E_S3_EC1IST_EESM_SU_S3_EUlmE_EEmSM_NS6_18_from_function_tagEmEUlmE_EEvmmSL_lb,./parlay/internal/scheduler_plugins/opencilk.h
defef,"uninitialized",_ZN6parlay8sequenceISt4pairIllENS_9allocatorIS2_EELb0EE13uninitializedEm,./parlay/sequence.h
defef,"parallel_for<(lambda at ./parlay/internal/delayed/../sequence_ops.h:168:15)>",_ZN6parlay12parallel_forIZNS_8internal10sliced_forIZNS1_5scan_INS_5sliceIPSt4pairIllES7_EES8_NS_6monoidIZNS_10map_tokensIRNS_8sequenceIcNS_9allocatorIcEELb1EEERZ10wordCountsRKSE_bE3$_1Z10wordCountsSH_bE3$_2EEDaOT_OT0_OT1_EUlS6_S6_E_S6_vEEEEDaRKSL_SN_SQ_jbEUlmmmE_EEvmmSU_jEUlmE_EEvmmSL_lb,./parlay/internal/scheduler_plugins/opencilk.h
defef,"parallel_for<(lambda at ./parlay/internal/delayed/../sequence_ops.h:168:15)>",_ZN6parlay12parallel_forIZNS_8internal10sliced_forIZNS1_5scan_INS_5sliceIPSt4pairIllES7_EES8_NS_6monoidIZNS_10map_tokensIRNS_8sequenceIcNS_9allocatorIcEELb1EEERZ10wordCountsRKSE_bE3$_1Z10wordCountsSH_bE3$_2EEDaOT_OT0_OT1_EUlS6_S6_E_S6_vEEEEDaRKSL_SN_SQ_jbEUlmmmE0_EEvmmSU_jEUlmE_EEvmmSL_lb,./parlay/internal/scheduler_plugins/opencilk.h
defef,"~sequence_base",_ZN6parlay17sequence_internal13sequence_baseISt4pairIllENS_9allocatorIS3_EELb0EED2Ev,./parlay/internal/sequence_base.h
defef,"uninitialized",_ZN6parlay8sequenceIPcNS_9allocatorIS1_EELb0EE13uninitializedEm,./parlay/sequence.h
defef,"parallel_for<(lambda at ./parlay/internal/delayed/terminal.h:147:34)>",_ZN6parlay12parallel_forIZNS_8internal7delayed8for_eachIRNS2_19block_delayed_zip_tIJRNS2_20block_delayed_scan_tIRNS_16delayed_sequenceISt4pairIllES8_ZNS_10map_tokensIRNS_8sequenceIcNS_9allocatorIcEELb1EEERZ10wordCountsRKSD_bE3$_1Z10wordCountsSG_bE3$_2EEDaOT_OT0_OT1_EUlmE1_EELb0EZNS9_ISE_SI_SJ_EEDaSL_SN_SP_EUlS8_S8_E_S8_EENS6_ImmZNS_4iotaImEEDaSK_EUlmE_EEEEEZNS9_ISE_SI_SJ_EEDaSL_SN_SP_EUlSL_E_Li0EEEvSL_SN_EUlmE_EEvmmSK_lb,./parlay/internal/scheduler_plugins/opencilk.h
defef,"free_buffer",_ZN6parlay17sequence_internal13sequence_baseIPcNS_9allocatorIS2_EELb0EE12storage_impl18capacitated_buffer11free_bufferERNS3_ISt4byteEE,./parlay/internal/sequence_base.h
defef,"~pair",_ZNSt4pairIN6parlay8internal7delayed20block_delayed_scan_tIRNS0_16delayed_sequenceIS_IllES5_ZNS0_10map_tokensIRNS0_8sequenceIcNS0_9allocatorIcEELb1EEERZ10wordCountsRKSA_bE3$_1Z10wordCountsSD_bE3$_2EEDaOT_OT0_OT1_EUlmE1_EELb0EZNS6_ISB_SF_SG_EEDaSI_SK_SM_EUlS5_S5_E_S5_EES5_ED2Ev,ece/project/seth_group/ziqiliu/GCC-12.2.0/lib/gcc/x86_64-linux-gnu/12.2.0/../../../../include/c++/12.2.0/bits/stl_pair.h
both,"initialize_fill",_ZN6parlay8sequenceIbNS_9allocatorIbEELb0EE15initialize_fillEmRKb,./parlay/sequence.h
both,"push",_ZN6parlay8internal12hazptr_stackIPvE4pushES2_,./parlay/internal/concurrency/hazptr_stack.h
both,"free",_ZN6parlay8internal15block_allocator4freeEPv,./parlay/internal/block_allocator.h
both,"uninitialized",_ZN6parlay8sequenceISt4pairIPcmENS_9allocatorIS3_EELb0EE13uninitializedEm,./parlay/sequence.h
both,"free_buffer",_ZN6parlay17sequence_internal13sequence_baseISt4pairIPcmENS_9allocatorIS4_EELb0EE12storage_impl18capacitated_buffer11free_bufferERNS5_ISt4byteEE,./parlay/internal/sequence_base.h
both,"deallocate",_ZN6parlay9allocatorISt4pairIPcmEE10deallocateEPS3_m,./parlay/internal/../alloc.h
defef,"initialize_fill",_ZN6parlay8sequenceISt4pairIPciENS_9allocatorIS3_EELb0EE15initialize_fillEmRKS3_,./parlay/sequence.h
defef,"free_buffer",_ZN6parlay17sequence_internal13sequence_baseISt4pairIPciENS_9allocatorIS4_EELb0EE12storage_impl18capacitated_buffer11free_bufferERNS5_ISt4byteEE,./parlay/internal/sequence_base.h
defef,"seq_count_sort<parlay::uninitialized_copy_tag, char *const *, char **, parlay::delayed_sequence<unsigned long, unsigned long, (lambda at ./parlay/internal/collect_reduce.h:305:35)>::iterator>",_ZN6parlay8internal14seq_count_sortINS_22uninitialized_copy_tagEPKPcPS3_NS_16delayed_sequenceImmZNS0_22collect_reduce_sparse_IS2_NS_5sliceIS5_S5_EENS_19count_by_key_helperIS3_mRZ10wordCountsRKNS_8sequenceIcNS_9allocatorIcEELb1EEEbE3$_3RZ10wordCountsSH_bE3$_4EEEEDaT0_RKT1_EUlmE_E8iteratorEEENSC_ImNSD_ImEELb0EEENS9_ISN_SN_EENS9_ISO_SO_EENS9_IT2_SY_EEm,./parlay/internal/counting_sort.h
both,"free_buffer",_ZN6parlay17sequence_internal13sequence_baseImNS_9allocatorImEELb0EE12storage_impl18capacitated_buffer11free_bufferERNS2_ISt4byteEE,./parlay/internal/sequence_base.h
defef,"uninitialized",_ZN6parlay8sequenceIjNS_9allocatorIjEELb0EE13uninitializedEm,./parlay/sequence.h
defef,"parallel_for<(lambda at ./parlay/internal/counting_sort.h:150:16)>",_ZN6parlay12parallel_forIZNS_8internal11count_sort_INS_22uninitialized_copy_tagEjPKPcPS4_NS_16delayed_sequenceImmZNS1_22collect_reduce_sparse_IS3_NS_5sliceIS6_S6_EENS_19count_by_key_helperIS4_mRZ10wordCountsRKNS_8sequenceIcNS_9allocatorIcEELb1EEEbE3$_3RZ10wordCountsSI_bE3$_4EEEEDaT0_RKT1_EUlmE_E8iteratorEEESt4pairINSD_ImNSE_ImEELb0EEEbENSA_ISP_SP_EENSA_IT2_S10_EENSA_IT3_S12_EEmfbEUlmE_EEvmmT_lb,./parlay/internal/scheduler_plugins/opencilk.h
both,"uninitialized",_ZN6parlay8sequenceImNS_9allocatorImEELb0EE13uninitializedEm,./parlay/sequence.h
defef,"parallel_for<(lambda at ./parlay/internal/counting_sort.h:160:16)>",_ZN6parlay12parallel_forIZNS_8internal11count_sort_INS_22uninitialized_copy_tagEjPKPcPS4_NS_16delayed_sequenceImmZNS1_22collect_reduce_sparse_IS3_NS_5sliceIS6_S6_EENS_19count_by_key_helperIS4_mRZ10wordCountsRKNS_8sequenceIcNS_9allocatorIcEELb1EEEbE3$_3RZ10wordCountsSI_bE3$_4EEEEDaT0_RKT1_EUlmE_E8iteratorEEESt4pairINSD_ImNSE_ImEELb0EEEbENSA_ISP_SP_EENSA_IT2_S10_EENSA_IT3_S12_EEmfbEUlmE0_EEvmmT_lb,./parlay/internal/scheduler_plugins/opencilk.h
both,"scan_<parlay::slice<unsigned long *, unsigned long *>, parlay::slice<unsigned long *, unsigned long *>, parlay::plus<unsigned long> >",_ZN6parlay8internal5scan_INS_5sliceIPmS3_EES4_NS_4plusImEEEEDaRKT_T0_OT1_jb,./parlay/internal/delayed/../sequence_ops.h
both,"uninitialized",_ZN6parlay8sequenceIPPcNS_9allocatorIS2_EELb0EE13uninitializedEm,./parlay/sequence.h
defef,"parallel_for<(lambda at ./parlay/internal/counting_sort.h:182:16)>",_ZN6parlay12parallel_forIZNS_8internal11count_sort_INS_22uninitialized_copy_tagEjPKPcPS4_NS_16delayed_sequenceImmZNS1_22collect_reduce_sparse_IS3_NS_5sliceIS6_S6_EENS_19count_by_key_helperIS4_mRZ10wordCountsRKNS_8sequenceIcNS_9allocatorIcEELb1EEEbE3$_3RZ10wordCountsSI_bE3$_4EEEEDaT0_RKT1_EUlmE_E8iteratorEEESt4pairINSD_ImNSE_ImEELb0EEEbENSA_ISP_SP_EENSA_IT2_S10_EENSA_IT3_S12_EEmfbEUlmE1_EEvmmT_lb,./parlay/internal/scheduler_plugins/opencilk.h
defef,"parallel_for<(lambda at ./parlay/internal/counting_sort.h:192:16)>",_ZN6parlay12parallel_forIZNS_8internal11count_sort_INS_22uninitialized_copy_tagEjPKPcPS4_NS_16delayed_sequenceImmZNS1_22collect_reduce_sparse_IS3_NS_5sliceIS6_S6_EENS_19count_by_key_helperIS4_mRZ10wordCountsRKNS_8sequenceIcNS_9allocatorIcEELb1EEEbE3$_3RZ10wordCountsSI_bE3$_4EEEEDaT0_RKT1_EUlmE_E8iteratorEEESt4pairINSD_ImNSE_ImEELb0EEEbENSA_ISP_SP_EENSA_IT2_S10_EENSA_IT3_S12_EEmfbEUlmE2_EEvmmT_lb,./parlay/internal/scheduler_plugins/opencilk.h
both,"free_buffer",_ZN6parlay17sequence_internal13sequence_baseIPPcNS_9allocatorIS3_EELb0EE12storage_impl18capacitated_buffer11free_bufferERNS4_ISt4byteEE,./parlay/internal/sequence_base.h
both,"free_buffer",_ZN6parlay17sequence_internal13sequence_baseIjNS_9allocatorIjEELb0EE12storage_impl18capacitated_buffer11free_bufferERNS2_ISt4byteEE,./parlay/internal/sequence_base.h
defef,"parallel_for<(lambda at ./parlay/internal/counting_sort.h:150:16)>",_ZN6parlay12parallel_forIZNS_8internal11count_sort_INS_22uninitialized_copy_tagEmPKPcPS4_NS_16delayed_sequenceImmZNS1_22collect_reduce_sparse_IS3_NS_5sliceIS6_S6_EENS_19count_by_key_helperIS4_mRZ10wordCountsRKNS_8sequenceIcNS_9allocatorIcEELb1EEEbE3$_3RZ10wordCountsSI_bE3$_4EEEEDaT0_RKT1_EUlmE_E8iteratorEEESt4pairINSD_ImNSE_ImEELb0EEEbENSA_ISP_SP_EENSA_IT2_S10_EENSA_IT3_S12_EEmfbEUlmE_EEvmmT_lb,./parlay/internal/scheduler_plugins/opencilk.h
defef,"parallel_for<(lambda at ./parlay/internal/counting_sort.h:160:16)>",_ZN6parlay12parallel_forIZNS_8internal11count_sort_INS_22uninitialized_copy_tagEmPKPcPS4_NS_16delayed_sequenceImmZNS1_22collect_reduce_sparse_IS3_NS_5sliceIS6_S6_EENS_19count_by_key_helperIS4_mRZ10wordCountsRKNS_8sequenceIcNS_9allocatorIcEELb1EEEbE3$_3RZ10wordCountsSI_bE3$_4EEEEDaT0_RKT1_EUlmE_E8iteratorEEESt4pairINSD_ImNSE_ImEELb0EEEbENSA_ISP_SP_EENSA_IT2_S10_EENSA_IT3_S12_EEmfbEUlmE0_EEvmmT_lb,./parlay/internal/scheduler_plugins/opencilk.h
defef,"parallel_for<(lambda at ./parlay/internal/counting_sort.h:182:16)>",_ZN6parlay12parallel_forIZNS_8internal11count_sort_INS_22uninitialized_copy_tagEmPKPcPS4_NS_16delayed_sequenceImmZNS1_22collect_reduce_sparse_IS3_NS_5sliceIS6_S6_EENS_19count_by_key_helperIS4_mRZ10wordCountsRKNS_8sequenceIcNS_9allocatorIcEELb1EEEbE3$_3RZ10wordCountsSI_bE3$_4EEEEDaT0_RKT1_EUlmE_E8iteratorEEESt4pairINSD_ImNSE_ImEELb0EEEbENSA_ISP_SP_EENSA_IT2_S10_EENSA_IT3_S12_EEmfbEUlmE1_EEvmmT_lb,./parlay/internal/scheduler_plugins/opencilk.h
defef,"parallel_for<(lambda at ./parlay/internal/counting_sort.h:192:16)>",_ZN6parlay12parallel_forIZNS_8internal11count_sort_INS_22uninitialized_copy_tagEmPKPcPS4_NS_16delayed_sequenceImmZNS1_22collect_reduce_sparse_IS3_NS_5sliceIS6_S6_EENS_19count_by_key_helperIS4_mRZ10wordCountsRKNS_8sequenceIcNS_9allocatorIcEELb1EEEbE3$_3RZ10wordCountsSI_bE3$_4EEEEDaT0_RKT1_EUlmE_E8iteratorEEESt4pairINSD_ImNSE_ImEELb0EEEbENSA_ISP_SP_EENSA_IT2_S10_EENSA_IT3_S12_EEmfbEUlmE2_EEvmmT_lb,./parlay/internal/scheduler_plugins/opencilk.h
defef,"next",_ZN6parlay8internal5timer4nextENSt7__cxx1112basic_stringIcSt11char_traitsIcESaIcEEE,./parlay/internal/get_time.h
defef,"parallel_for<(lambda at ./parlay/sequence.h:515:24)>",_ZN6parlay12parallel_forIZNS_8sequenceINS1_ISt4pairIPcmENS_9allocatorIS4_EELb0EEENS5_IS7_EELb0EEC1IZNS_8internal22collect_reduce_sparse_INS_22uninitialized_copy_tagENS_5sliceIPKS3_SG_EENS_19count_by_key_helperIS3_mRZ10wordCountsRKNS1_IcNS5_IcEELb1EEEbE3$_3RZ10wordCountsSM_bE3$_4EEEEDaT0_RKT1_EUlmE0_EEmOT_NS9_18_from_function_tagEmEUlmE_EEvmmSX_lb,./parlay/internal/scheduler_plugins/opencilk.h
defef,"parallel_for<(lambda at ./parlay/internal/sequence_base.h:192:28)>",_ZN6parlay12parallel_forIZNS_17sequence_internal13sequence_baseINS_8sequenceISt4pairIPcmENS_9allocatorIS6_EELb0EEENS7_IS9_EELb0EE12storage_impl11destroy_allEvEUlmE_EEvmmT_lb,./parlay/internal/scheduler_plugins/opencilk.h
defef,"free_buffer",_ZN6parlay17sequence_internal13sequence_baseINS_8sequenceISt4pairIPcmENS_9allocatorIS5_EELb0EEENS6_IS8_EELb0EE12storage_impl18capacitated_buffer11free_bufferERNS6_ISt4byteEE,./parlay/internal/sequence_base.h
defef,"flatten<std::pair<char *, unsigned long> >",_ZN6parlay7flattenISt4pairIPcmEEEDaONS_8sequenceINS4_IT_NS_9allocatorIS5_EEXsr3std7is_sameIS5_cEE5valueEEENS6_IS8_EEXsr3std7is_sameIS8_cEE5valueEEE,./parlay/primitives.h
defef,"deallocate",_ZN6parlay9allocatorIPcE10deallocateEPS1_m,./parlay/internal/../alloc.h
defef,"parallel_for<(lambda at ./parlay/sequence.h:515:24)>",_ZN6parlay12parallel_forIZNS_8sequenceISt4pairINS1_IcNS_9allocatorIcEELb1EEEmENS3_IS6_EELb0EEC1IZ10wordCountsRKS5_bE3$_5EEmOT_NS8_18_from_function_tagEmEUlmE_EEvmmSD_lb,./parlay/internal/scheduler_plugins/opencilk.h
defef,"parallel_for<(lambda at ./parlay/internal/sequence_base.h:192:28)>",_ZN6parlay12parallel_forIZNS_17sequence_internal13sequence_baseISt4pairINS_8sequenceIcNS_9allocatorIcEELb1EEEmENS5_IS8_EELb0EE12storage_impl11destroy_allEvEUlmE_EEvmmT_lb,./parlay/internal/scheduler_plugins/opencilk.h
defef,"free_buffer",_ZN6parlay17sequence_internal13sequence_baseISt4pairINS_8sequenceIcNS_9allocatorIcEELb1EEEmENS4_IS7_EELb0EE12storage_impl18capacitated_buffer11free_bufferERNS4_ISt4byteEE,./parlay/internal/sequence_base.h
defef,"~sequence_base",_ZN6parlay17sequence_internal13sequence_baseISt4pairINS_8sequenceIcNS_9allocatorIcEELb1EEEmENS4_IS7_EELb0EED2Ev,./parlay/internal/sequence_base.h
defef,"~sequence_base",_ZN6parlay17sequence_internal13sequence_baseISt4pairIPcmENS_9allocatorIS4_EELb0EED2Ev,./parlay/internal/sequence_base.h
defef,"~sequence_base",_ZN6parlay17sequence_internal13sequence_baseIPcNS_9allocatorIS2_EELb0EED2Ev,./parlay/internal/sequence_base.h
both,"~sequence_base",_ZN6parlay17sequence_internal13sequence_baseIcNS_9allocatorIcEELb1EED2Ev,./parlay/internal/sequence_base.h
defdac,"initialize_range<char *>",_ZN6parlay8sequenceIcNS_9allocatorIcEELb1EE16initialize_rangeIPcEEvT_S6_St26random_access_iterator_tag,./parlay/sequence.h
defdac,"parallel_for<(lambda at ./parlay/sequence.h:570:24)>",_ZN6parlay12parallel_forIZNS_8sequenceIcNS_9allocatorIcEELb1EE16initialize_rangeIPcEEvT_S7_St26random_access_iterator_tagEUlmE_EEvmmS7_lb,./parlay/internal/scheduler_plugins/opencilk.h
defef,"sequence<(lambda at ./parlay/primitives.h:998:5)>",_ZN6parlay8sequenceImNS_9allocatorImEELb0EEC2IZNS_7flattenISt4pairIPcmEEEDaONS0_INS0_IT_NS1_IS9_EEXsr3std7is_sameIS9_cEE5valueEEENS1_ISB_EEXsr3std7is_sameISB_cEE5valueEEEEUlmE_EEmOS9_NS3_18_from_function_tagEm,./parlay/sequence.h
defef,"parallel_for<(lambda at ./parlay/primitives.h:1001:36)>",_ZN6parlay12parallel_forIZNS_7flattenISt4pairIPcmEEEDaONS_8sequenceINS5_IT_NS_9allocatorIS6_EEXsr3std7is_sameIS6_cEE5valueEEENS7_IS9_EEXsr3std7is_sameIS9_cEE5valueEEEEUlmE0_EEvmmS6_lb,./parlay/internal/scheduler_plugins/opencilk.h
both,"~sequence_base",_ZN6parlay17sequence_internal13sequence_baseImNS_9allocatorImEELb0EED2Ev,./parlay/internal/sequence_base.h
defdac,"parallel_for<(lambda at ./parlay/internal/delayed/../../utilities.h:384:31)>",_ZN6parlay12parallel_forIZNS_26uninitialized_relocate_n_aIPSt4pairIPcmES5_SaIS4_EEEvT_T0_mRT1_EUlmE_EEvmmS7_lb,./parlay/internal/scheduler_plugins/opencilk.h
defef,"parallel_for<(lambda at ./parlay/sequence.h:515:24)>",_ZN6parlay12parallel_forIZNS_8sequenceImNS_9allocatorImEELb0EEC1IZNS_7flattenISt4pairIPcmEEEDaONS1_INS1_IT_NS2_ISA_EEXsr3std7is_sameISA_cEE5valueEEENS2_ISC_EEXsr3std7is_sameISC_cEE5valueEEEEUlmE_EEmOSA_NS4_18_from_function_tagEmEUlmE_EEvmmSA_lb,./parlay/internal/scheduler_plugins/opencilk.h
defdac,"initialize_fill",_ZN6parlay8sequenceISt4pairIPcmENS_9allocatorIS3_EELb0EE15initialize_fillEmRKS3_,./parlay/sequence.h
defdac,"parallel_for<(lambda at ./parlay/sequence.h:541:24)>",_ZN6parlay12parallel_forIZNS_8sequenceISt4pairIPcmENS_9allocatorIS4_EELb0EE15initialize_fillEmRKS4_EUlmE_EEvmmT_lb,./parlay/internal/scheduler_plugins/opencilk.h
defef,"report",_ZN6parlay8internal5timer6reportEdNSt7__cxx1112basic_stringIcSt11char_traitsIcESaIcEEE,./parlay/internal/get_time.h
defdac,"seq_write_<parlay::uninitialized_copy_tag, parlay::slice<char *const *, char *const *>, char ***, parlay::slice<parlay::delayed_sequence<unsigned long, unsigned long, (lambda at ./parlay/internal/collect_reduce.h:305:35)>::iterator, parlay::delayed_sequence<unsigned long, unsigned long, (lambda at ./parlay/internal/collect_reduce.h:305:35)>::iterator> >",_ZN6parlay8internal10seq_write_INS_22uninitialized_copy_tagENS_5sliceIPKPcS6_EEPPS4_NS3_INS_16delayed_sequenceImmZNS0_22collect_reduce_sparse_IS2_S7_NS_19count_by_key_helperIS4_mRZ10wordCountsRKNS_8sequenceIcNS_9allocatorIcEELb1EEEbE3$_3RZ10wordCountsSI_bE3$_4EEEEDaT0_RKT1_EUlmE_E8iteratorESU_EEEEvSO_T2_SP_m,./parlay/internal/counting_sort.h
both,"seq_count_<parlay::slice<char *const *, char *const *>, unsigned long *, parlay::slice<parlay::delayed_sequence<unsigned long, unsigned long, (lambda at ./parlay/internal/collect_reduce.h:305:35)>::iterator, parlay::delayed_sequence<unsigned long, unsigned long, (lambda at ./parlay/internal/collect_reduce.h:305:35)>::iterator> >",_ZN6parlay8internal10seq_count_INS_5sliceIPKPcS5_EEPmNS2_INS_16delayed_sequenceImmZNS0_22collect_reduce_sparse_INS_22uninitialized_copy_tagES6_NS_19count_by_key_helperIS3_mRZ10wordCountsRKNS_8sequenceIcNS_9allocatorIcEELb1EEEbE3$_3RZ10wordCountsSH_bE3$_4EEEEDaT0_RKT1_EUlmE_E8iteratorEST_EEEEvT_SO_SN_m,./parlay/internal/counting_sort.h
both,"initialize_default",_ZN6parlay8sequenceImNS_9allocatorImEELb0EE18initialize_defaultEm,./parlay/sequence.h
both,"parallel_for<(lambda at ./parlay/sequence.h:532:24)>",_ZN6parlay12parallel_forIZNS_8sequenceImNS_9allocatorImEELb0EE18initialize_defaultEmEUlmE_EEvmmT_lb,./parlay/internal/scheduler_plugins/opencilk.h
both,"parallel_for<(lambda at ./parlay/internal/delayed/../sequence_ops.h:168:15)>",_ZN6parlay12parallel_forIZNS_8internal10sliced_forIZNS1_5scan_INS_5sliceIPmS5_EES6_NS_4plusImEEEEDaRKT_T0_OT1_jbEUlmmmE_EEvmmSB_jEUlmE_EEvmmS9_lb,./parlay/internal/scheduler_plugins/opencilk.h
both,"parallel_for<(lambda at ./parlay/internal/delayed/../sequence_ops.h:168:15)>",_ZN6parlay12parallel_forIZNS_8internal10sliced_forIZNS1_5scan_INS_5sliceIPmS5_EES6_NS_4plusImEEEEDaRKT_T0_OT1_jbEUlmmmE0_EEvmmSB_jEUlmE_EEvmmS9_lb,./parlay/internal/scheduler_plugins/opencilk.h
defdac,"initialize_default",_ZN6parlay8sequenceIjNS_9allocatorIjEELb0EE18initialize_defaultEm,./parlay/sequence.h
defdac,"parallel_for<(lambda at ./parlay/sequence.h:532:24)>",_ZN6parlay12parallel_forIZNS_8sequenceIjNS_9allocatorIjEELb0EE18initialize_defaultEmEUlmE_EEvmmT_lb,./parlay/internal/scheduler_plugins/opencilk.h
defef,"parallel_for<(lambda at ./parlay/sequence.h:541:24)>",_ZN6parlay12parallel_forIZNS_8sequenceISt4pairIPciENS_9allocatorIS4_EELb0EE15initialize_fillEmRKS4_EUlmE_EEvmmT_lb,./parlay/internal/scheduler_plugins/opencilk.h
both,"push",_ZN6parlay8internal12hazptr_stackIPNS0_15block_allocator5blockEE4pushES4_,./parlay/internal/concurrency/hazptr_stack.h
both,"acquire_retire",_ZN6parlay8internal14acquire_retireINS0_12hazptr_stackIPNS0_15block_allocator5blockEE4NodeESt14default_deleteIS7_ELm1EEC2ES9_,./parlay/internal/concurrency/acquire_retire.h
both,"~acquire_retire",_ZN6parlay8internal14acquire_retireINS0_12hazptr_stackIPNS0_15block_allocator5blockEE4NodeESt14default_deleteIS7_ELm1EED2Ev,./parlay/internal/concurrency/acquire_retire.h
both,"~unique_ptr",_ZNSt10unique_ptrIA_N6parlay6paddedImLm128EvEESt14default_deleteIS3_EED2Ev,ece/project/seth_group/ziqiliu/GCC-12.2.0/lib/gcc/x86_64-linux-gnu/12.2.0/../../../../include/c++/12.2.0/bits/unique_ptr.h
both,"~unique_ptr",_ZNSt10unique_ptrIA_N6parlay6paddedISt6vectorIPNS0_8internal12hazptr_stackIPNS3_15block_allocator5blockEE4NodeESaISA_EELm128EvEESt14default_deleteISE_EED2Ev,ece/project/seth_group/ziqiliu/GCC-12.2.0/lib/gcc/x86_64-linux-gnu/12.2.0/../../../../include/c++/12.2.0/bits/unique_ptr.h
both,"~unique_ptr",_ZNSt10unique_ptrIA_N6parlay6paddedIbLm128EvEESt14default_deleteIS3_EED2Ev,ece/project/seth_group/ziqiliu/GCC-12.2.0/lib/gcc/x86_64-linux-gnu/12.2.0/../../../../include/c++/12.2.0/bits/unique_ptr.h
both,"~unique_ptr",_ZNSt10unique_ptrIA_N6parlay6paddedISt6atomicIPNS0_8internal12hazptr_stackIPNS3_15block_allocator5blockEE4NodeEELm128EvEESt14default_deleteISD_EED2Ev,ece/project/seth_group/ziqiliu/GCC-12.2.0/lib/gcc/x86_64-linux-gnu/12.2.0/../../../../include/c++/12.2.0/bits/unique_ptr.h
both,"acquire_retire",_ZN6parlay8internal14acquire_retireINS0_12hazptr_stackIPvE4NodeESt14default_deleteIS5_ELm1EEC2ES7_,./parlay/internal/concurrency/acquire_retire.h
both,"~acquire_retire",_ZN6parlay8internal14acquire_retireINS0_12hazptr_stackIPvE4NodeESt14default_deleteIS5_ELm1EED2Ev,./parlay/internal/concurrency/acquire_retire.h
both,"~unique_ptr",_ZNSt10unique_ptrIA_N6parlay6paddedISt6vectorIPNS0_8internal12hazptr_stackIPvE4NodeESaIS8_EELm128EvEESt14default_deleteISC_EED2Ev,ece/project/seth_group/ziqiliu/GCC-12.2.0/lib/gcc/x86_64-linux-gnu/12.2.0/../../../../include/c++/12.2.0/bits/unique_ptr.h
both,"~unique_ptr",_ZNSt10unique_ptrIA_N6parlay6paddedISt6atomicIPNS0_8internal12hazptr_stackIPvE4NodeEELm128EvEESt14default_deleteISB_EED2Ev,ece/project/seth_group/ziqiliu/GCC-12.2.0/lib/gcc/x86_64-linux-gnu/12.2.0/../../../../include/c++/12.2.0/bits/unique_ptr.h
both,"parallel_for<(lambda at ./parlay/sequence.h:541:24)>",_ZN6parlay12parallel_forIZNS_8sequenceIbNS_9allocatorIbEELb0EE15initialize_fillEmRKbEUlmE_EEvmmT_lb,./parlay/internal/scheduler_plugins/opencilk.h
defdac,"get_begin_block",_ZN6parlay8internal7delayed19block_delayed_zip_tIJRNS1_20block_delayed_scan_tIRNS_16delayed_sequenceISt4pairIllES6_ZNS_10map_tokensIRNS_8sequenceIcNS_9allocatorIcEELb1EEERZ10wordCountsRKSB_bE3$_1Z10wordCountsSE_bE3$_2EEDaOT_OT0_OT1_EUlmE1_EELb0EZNS7_ISC_SG_SH_EEDaSJ_SL_SN_EUlS6_S6_E_S6_EENS4_ImmZNS_4iotaImEEDaSI_EUlmE_EEEE15get_begin_blockEm,./parlay/internal/delayed/zip.h
defdac,"scan_serial<parlay::slice<std::pair<long, long> *, std::pair<long, long> *>, parlay::slice<std::pair<long, long> *, std::pair<long, long> *>, parlay::monoid<(lambda at ./parlay/primitives.h:1091:12), std::pair<long, long>, void> &>",_ZN6parlay8internal11scan_serialINS_5sliceIPSt4pairIllES5_EES6_RNS_6monoidIZNS_10map_tokensIRNS_8sequenceIcNS_9allocatorIcEELb1EEERZ10wordCountsRKSC_bE3$_1Z10wordCountsSF_bE3$_2EEDaOT_OT0_OT1_EUlS4_S4_E_S4_vEEEEDaRKSJ_SL_SO_NS_13type_identityIDtsr3std18remove_reference_tISN_EE8identityEE4typeEjb,./parlay/internal/delayed/../sequence_ops.h
defef,"report",_ZN5timer6reportEdNSt7__cxx1112basic_stringIcSt11char_traitsIcESaIcEEE,./common/get_time.h
both,"pop",_ZN6parlay8internal12hazptr_stackIPvE3popEv,./parlay/internal/concurrency/hazptr_stack.h
both,"get_list",_ZN6parlay8internal15block_allocator8get_listEv,./parlay/internal/block_allocator.h
both,"pop",_ZN6parlay8internal12hazptr_stackIPNS0_15block_allocator5blockEE3popEv,./parlay/internal/concurrency/hazptr_stack.h
both,"push",_ZN6parlay8internal12hazptr_stackIPSt4byteE4pushES3_,./parlay/internal/concurrency/hazptr_stack.h
both,"parallel_for<(lambda at ./parlay/internal/block_allocator.h:86:39)>",_ZN6parlay12parallel_forIZNKS_8internal15block_allocator15initialize_listEPSt4byteEUlmE_EEvmmT_lb,./parlay/internal/scheduler_plugins/opencilk.h
both,"acquire_retire",_ZN6parlay8internal14acquire_retireINS0_12hazptr_stackIPSt4byteE4NodeESt14default_deleteIS6_ELm1EEC2ES8_,./parlay/internal/concurrency/acquire_retire.h
both,"~acquire_retire",_ZN6parlay8internal14acquire_retireINS0_12hazptr_stackIPSt4byteE4NodeESt14default_deleteIS6_ELm1EED2Ev,./parlay/internal/concurrency/acquire_retire.h
both,"~unique_ptr",_ZNSt10unique_ptrIA_N6parlay6paddedISt6vectorIPNS0_8internal12hazptr_stackIPSt4byteE4NodeESaIS9_EELm128EvEESt14default_deleteISD_EED2Ev,ece/project/seth_group/ziqiliu/GCC-12.2.0/lib/gcc/x86_64-linux-gnu/12.2.0/../../../../include/c++/12.2.0/bits/unique_ptr.h
both,"~unique_ptr",_ZNSt10unique_ptrIA_N6parlay6paddedISt6atomicIPNS0_8internal12hazptr_stackIPSt4byteE4NodeEELm128EvEESt14default_deleteISC_EED2Ev,ece/project/seth_group/ziqiliu/GCC-12.2.0/lib/gcc/x86_64-linux-gnu/12.2.0/../../../../include/c++/12.2.0/bits/unique_ptr.h
both,"retire<parlay::internal::hazptr_stack<parlay::internal::block_allocator::block *>::Node *>",_ZN6parlay8internal14acquire_retireINS0_12hazptr_stackIPNS0_15block_allocator5blockEE4NodeESt14default_deleteIS7_ELm1EE6retireIPS7_EEvT_,./parlay/internal/concurrency/acquire_retire.h
both,"work_toward_ejects",_ZN6parlay8internal14acquire_retireINS0_12hazptr_stackIPNS0_15block_allocator5blockEE4NodeESt14default_deleteIS7_ELm1EE18work_toward_ejectsEm,./parlay/internal/concurrency/acquire_retire.h
both,"_M_insert_multi_node",_ZNSt10_HashtableIPN6parlay8internal12hazptr_stackIPNS1_15block_allocator5blockEE4NodeES8_SaIS8_ENSt8__detail9_IdentityESt8equal_toIS8_ESt4hashIS8_ENSA_18_Mod_range_hashingENSA_20_Default_ranged_hashENSA_20_Prime_rehash_policyENSA_17_Hashtable_traitsILb0ELb1ELb0EEEE20_M_insert_multi_nodeEPNSA_10_Hash_nodeIS8_Lb0EEEmSO_,ece/project/seth_group/ziqiliu/GCC-12.2.0/lib/gcc/x86_64-linux-gnu/12.2.0/../../../../include/c++/12.2.0/bits/hashtable.h
both,"__find_if<__gnu_cxx::__normal_iterator<parlay::internal::hazptr_stack<parlay::internal::block_allocator::block *>::Node **, std::vector<parlay::internal::hazptr_stack<parlay::internal::block_allocator::block *>::Node *, std::allocator<parlay::internal::hazptr_stack<parlay::internal::block_allocator::block *>::Node *> > >, __gnu_cxx::__ops::_Iter_pred<(lambda at ./parlay/internal/concurrency/acquire_retire.h:124:16)> >",_ZSt9__find_ifIN9__gnu_cxx17__normal_iteratorIPPN6parlay8internal12hazptr_stackIPNS3_15block_allocator5blockEE4NodeESt6vectorISA_SaISA_EEEENS0_5__ops10_Iter_predIZNS3_14acquire_retireIS9_St14default_deleteIS9_ELm1EE18work_toward_ejectsEmEUlT_E0_EEESM_SM_SM_T0_St26random_access_iterator_tag,ece/project/seth_group/ziqiliu/GCC-12.2.0/lib/gcc/x86_64-linux-gnu/12.2.0/../../../../include/c++/12.2.0/bits/stl_algobase.h
both,"_M_range_insert<__gnu_cxx::__normal_iterator<parlay::internal::hazptr_stack<parlay::internal::block_allocator::block *>::Node **, std::vector<parlay::internal::hazptr_stack<parlay::internal::block_allocator::block *>::Node *, std::allocator<parlay::internal::hazptr_stack<parlay::internal::block_allocator::block *>::Node *> > > >",_ZNSt6vectorIPN6parlay8internal12hazptr_stackIPNS1_15block_allocator5blockEE4NodeESaIS8_EE15_M_range_insertIN9__gnu_cxx17__normal_iteratorIPS8_SA_EEEEvSF_T_SG_St20forward_iterator_tag,ece/project/seth_group/ziqiliu/GCC-12.2.0/lib/gcc/x86_64-linux-gnu/12.2.0/../../../../include/c++/12.2.0/bits/vector.tcc
both,"~unordered_multiset",_ZNSt18unordered_multisetIPN6parlay8internal12hazptr_stackIPNS1_15block_allocator5blockEE4NodeESt4hashIS8_ESt8equal_toIS8_ESaIS8_EED2Ev,ece/project/seth_group/ziqiliu/GCC-12.2.0/lib/gcc/x86_64-linux-gnu/12.2.0/../../../../include/c++/12.2.0/bits/unordered_set.h
both,"operator()<parlay::internal::hazptr_stack<parlay::internal::block_allocator::block *>::Node *>",_ZZN6parlay8internal14acquire_retireINS0_12hazptr_stackIPNS0_15block_allocator5blockEE4NodeESt14default_deleteIS7_ELm1EE18work_toward_ejectsEmENKUlT_E0_clIPS7_EEDaSB_,./parlay/internal/concurrency/acquire_retire.h
both,"_M_rehash_aux",_ZNSt10_HashtableIPN6parlay8internal12hazptr_stackIPNS1_15block_allocator5blockEE4NodeES8_SaIS8_ENSt8__detail9_IdentityESt8equal_toIS8_ESt4hashIS8_ENSA_18_Mod_range_hashingENSA_20_Default_ranged_hashENSA_20_Prime_rehash_policyENSA_17_Hashtable_traitsILb0ELb1ELb0EEEE13_M_rehash_auxEmSt17integral_constantIbLb0EE,ece/project/seth_group/ziqiliu/GCC-12.2.0/lib/gcc/x86_64-linux-gnu/12.2.0/../../../../include/c++/12.2.0/bits/hashtable.h
both,"retire<parlay::internal::hazptr_stack<void *>::Node *>",_ZN6parlay8internal14acquire_retireINS0_12hazptr_stackIPvE4NodeESt14default_deleteIS5_ELm1EE6retireIPS5_EEvT_,./parlay/internal/concurrency/acquire_retire.h
both,"work_toward_ejects",_ZN6parlay8internal14acquire_retireINS0_12hazptr_stackIPvE4NodeESt14default_deleteIS5_ELm1EE18work_toward_ejectsEm,./parlay/internal/concurrency/acquire_retire.h
both,"_M_insert_multi_node",_ZNSt10_HashtableIPN6parlay8internal12hazptr_stackIPvE4NodeES6_SaIS6_ENSt8__detail9_IdentityESt8equal_toIS6_ESt4hashIS6_ENS8_18_Mod_range_hashingENS8_20_Default_ranged_hashENS8_20_Prime_rehash_policyENS8_17_Hashtable_traitsILb0ELb1ELb0EEEE20_M_insert_multi_nodeEPNS8_10_Hash_nodeIS6_Lb0EEEmSM_,ece/project/seth_group/ziqiliu/GCC-12.2.0/lib/gcc/x86_64-linux-gnu/12.2.0/../../../../include/c++/12.2.0/bits/hashtable.h
both,"__find_if<__gnu_cxx::__normal_iterator<parlay::internal::hazptr_stack<void *>::Node **, std::vector<parlay::internal::hazptr_stack<void *>::Node *, std::allocator<parlay::internal::hazptr_stack<void *>::Node *> > >, __gnu_cxx::__ops::_Iter_pred<(lambda at ./parlay/internal/concurrency/acquire_retire.h:124:16)> >",_ZSt9__find_ifIN9__gnu_cxx17__normal_iteratorIPPN6parlay8internal12hazptr_stackIPvE4NodeESt6vectorIS8_SaIS8_EEEENS0_5__ops10_Iter_predIZNS3_14acquire_retireIS7_St14default_deleteIS7_ELm1EE18work_toward_ejectsEmEUlT_E0_EEESK_SK_SK_T0_St26random_access_iterator_tag,ece/project/seth_group/ziqiliu/GCC-12.2.0/lib/gcc/x86_64-linux-gnu/12.2.0/../../../../include/c++/12.2.0/bits/stl_algobase.h
both,"_M_range_insert<__gnu_cxx::__normal_iterator<parlay::internal::hazptr_stack<void *>::Node **, std::vector<parlay::internal::hazptr_stack<void *>::Node *, std::allocator<parlay::internal::hazptr_stack<void *>::Node *> > > >",_ZNSt6vectorIPN6parlay8internal12hazptr_stackIPvE4NodeESaIS6_EE15_M_range_insertIN9__gnu_cxx17__normal_iteratorIPS6_S8_EEEEvSD_T_SE_St20forward_iterator_tag,ece/project/seth_group/ziqiliu/GCC-12.2.0/lib/gcc/x86_64-linux-gnu/12.2.0/../../../../include/c++/12.2.0/bits/vector.tcc
both,"~unordered_multiset",_ZNSt18unordered_multisetIPN6parlay8internal12hazptr_stackIPvE4NodeESt4hashIS6_ESt8equal_toIS6_ESaIS6_EED2Ev,ece/project/seth_group/ziqiliu/GCC-12.2.0/lib/gcc/x86_64-linux-gnu/12.2.0/../../../../include/c++/12.2.0/bits/unordered_set.h
both,"operator()<parlay::internal::hazptr_stack<void *>::Node *>",_ZZN6parlay8internal14acquire_retireINS0_12hazptr_stackIPvE4NodeESt14default_deleteIS5_ELm1EE18work_toward_ejectsEmENKUlT_E0_clIPS5_EEDaS9_,./parlay/internal/concurrency/acquire_retire.h
both,"_M_rehash_aux",_ZNSt10_HashtableIPN6parlay8internal12hazptr_stackIPvE4NodeES6_SaIS6_ENSt8__detail9_IdentityESt8equal_toIS6_ESt4hashIS6_ENS8_18_Mod_range_hashingENS8_20_Default_ranged_hashENS8_20_Prime_rehash_policyENS8_17_Hashtable_traitsILb0ELb1ELb0EEEE13_M_rehash_auxEmSt17integral_constantIbLb0EE,ece/project/seth_group/ziqiliu/GCC-12.2.0/lib/gcc/x86_64-linux-gnu/12.2.0/../../../../include/c++/12.2.0/bits/hashtable.h
both,"default_allocator_sizes",_ZN6parlay8internal23default_allocator_sizesEv,./parlay/internal/../alloc.h
both,"pool_allocator",_ZN6parlay8internal14pool_allocatorC2ERKSt6vectorImSaImEE,./parlay/internal/pool_allocator.h
both,"~pool_allocator",_ZN6parlay8internal14pool_allocatorD2Ev,./parlay/internal/pool_allocator.h
both,"parallel_for<(lambda at ./parlay/internal/delayed/../../utilities.h:517:28)>",_ZN6parlay12parallel_forIZNS_8internal20unique_array_deleterINS1_15block_allocatorEEclEPS3_EUlmE_EEvmmT_lb,./parlay/internal/scheduler_plugins/opencilk.h
both,"~unique_ptr",_ZNSt10unique_ptrIA_N6parlay8internal15block_allocatorENS1_20unique_array_deleterIS2_EEED2Ev,ece/project/seth_group/ziqiliu/GCC-12.2.0/lib/gcc/x86_64-linux-gnu/12.2.0/../../../../include/c++/12.2.0/bits/unique_ptr.h
both,"~unique_ptr",_ZNSt10unique_ptrIA_N6parlay8internal12hazptr_stackIPvEESt14default_deleteIS5_EED2Ev,ece/project/seth_group/ziqiliu/GCC-12.2.0/lib/gcc/x86_64-linux-gnu/12.2.0/../../../../include/c++/12.2.0/bits/unique_ptr.h
both,"~unique_ptr",_ZNSt10unique_ptrIA_mSt14default_deleteIS0_EED2Ev,ece/project/seth_group/ziqiliu/GCC-12.2.0/lib/gcc/x86_64-linux-gnu/12.2.0/../../../../include/c++/12.2.0/bits/unique_ptr.h
defdac,"~block_allocator",_ZN6parlay8internal15block_allocatorD2Ev,./parlay/internal/block_allocator.h
defdac,"clear",_ZN6parlay8internal15block_allocator5clearEv,./parlay/internal/block_allocator.h
defdac,"~unique_ptr",_ZNSt10unique_ptrIA_N6parlay8internal15block_allocator10local_listESt14default_deleteIS4_EED2Ev,ece/project/seth_group/ziqiliu/GCC-12.2.0/lib/gcc/x86_64-linux-gnu/12.2.0/../../../../include/c++/12.2.0/bits/unique_ptr.h
defdac,"~hazptr_stack",_ZN6parlay8internal12hazptr_stackIPNS0_15block_allocator5blockEED2Ev,./parlay/internal/concurrency/hazptr_stack.h
defdac,"~hazptr_stack",_ZN6parlay8internal12hazptr_stackIPSt4byteED2Ev,./parlay/internal/concurrency/hazptr_stack.h
defdac,"size",_ZNK6parlay8internal12hazptr_stackIPNS0_15block_allocator5blockEE4sizeEv,./parlay/internal/concurrency/hazptr_stack.h
defdac,"pop",_ZN6parlay8internal12hazptr_stackIPSt4byteE3popEv,./parlay/internal/concurrency/hazptr_stack.h
defdac,"retire<parlay::internal::hazptr_stack<std::byte *>::Node *>",_ZN6parlay8internal14acquire_retireINS0_12hazptr_stackIPSt4byteE4NodeESt14default_deleteIS6_ELm1EE6retireIPS6_EEvT_,./parlay/internal/concurrency/acquire_retire.h
defdac,"work_toward_ejects",_ZN6parlay8internal14acquire_retireINS0_12hazptr_stackIPSt4byteE4NodeESt14default_deleteIS6_ELm1EE18work_toward_ejectsEm,./parlay/internal/concurrency/acquire_retire.h
defdac,"_M_insert_multi_node",_ZNSt10_HashtableIPN6parlay8internal12hazptr_stackIPSt4byteE4NodeES7_SaIS7_ENSt8__detail9_IdentityESt8equal_toIS7_ESt4hashIS7_ENS9_18_Mod_range_hashingENS9_20_Default_ranged_hashENS9_20_Prime_rehash_policyENS9_17_Hashtable_traitsILb0ELb1ELb0EEEE20_M_insert_multi_nodeEPNS9_10_Hash_nodeIS7_Lb0EEEmSN_,ece/project/seth_group/ziqiliu/GCC-12.2.0/lib/gcc/x86_64-linux-gnu/12.2.0/../../../../include/c++/12.2.0/bits/hashtable.h
defdac,"__find_if<__gnu_cxx::__normal_iterator<parlay::internal::hazptr_stack<std::byte *>::Node **, std::vector<parlay::internal::hazptr_stack<std::byte *>::Node *, std::allocator<parlay::internal::hazptr_stack<std::byte *>::Node *> > >, __gnu_cxx::__ops::_Iter_pred<(lambda at ./parlay/internal/concurrency/acquire_retire.h:124:16)> >",_ZSt9__find_ifIN9__gnu_cxx17__normal_iteratorIPPN6parlay8internal12hazptr_stackIPSt4byteE4NodeESt6vectorIS9_SaIS9_EEEENS0_5__ops10_Iter_predIZNS3_14acquire_retireIS8_St14default_deleteIS8_ELm1EE18work_toward_ejectsEmEUlT_E0_EEESL_SL_SL_T0_St26random_access_iterator_tag,ece/project/seth_group/ziqiliu/GCC-12.2.0/lib/gcc/x86_64-linux-gnu/12.2.0/../../../../include/c++/12.2.0/bits/stl_algobase.h
defdac,"_M_range_insert<__gnu_cxx::__normal_iterator<parlay::internal::hazptr_stack<std::byte *>::Node **, std::vector<parlay::internal::hazptr_stack<std::byte *>::Node *, std::allocator<parlay::internal::hazptr_stack<std::byte *>::Node *> > > >",_ZNSt6vectorIPN6parlay8internal12hazptr_stackIPSt4byteE4NodeESaIS7_EE15_M_range_insertIN9__gnu_cxx17__normal_iteratorIPS7_S9_EEEEvSE_T_SF_St20forward_iterator_tag,ece/project/seth_group/ziqiliu/GCC-12.2.0/lib/gcc/x86_64-linux-gnu/12.2.0/../../../../include/c++/12.2.0/bits/vector.tcc
defdac,"~unordered_multiset",_ZNSt18unordered_multisetIPN6parlay8internal12hazptr_stackIPSt4byteE4NodeESt4hashIS7_ESt8equal_toIS7_ESaIS7_EED2Ev,ece/project/seth_group/ziqiliu/GCC-12.2.0/lib/gcc/x86_64-linux-gnu/12.2.0/../../../../include/c++/12.2.0/bits/unordered_set.h
defdac,"operator()<parlay::internal::hazptr_stack<std::byte *>::Node *>",_ZZN6parlay8internal14acquire_retireINS0_12hazptr_stackIPSt4byteE4NodeESt14default_deleteIS6_ELm1EE18work_toward_ejectsEmENKUlT_E0_clIPS6_EEDaSA_,./parlay/internal/concurrency/acquire_retire.h
defdac,"_M_rehash_aux",_ZNSt10_HashtableIPN6parlay8internal12hazptr_stackIPSt4byteE4NodeES7_SaIS7_ENSt8__detail9_IdentityESt8equal_toIS7_ESt4hashIS7_ENS9_18_Mod_range_hashingENS9_20_Default_ranged_hashENS9_20_Prime_rehash_policyENS9_17_Hashtable_traitsILb0ELb1ELb0EEEE13_M_rehash_auxEmSt17integral_constantIbLb0EE,ece/project/seth_group/ziqiliu/GCC-12.2.0/lib/gcc/x86_64-linux-gnu/12.2.0/../../../../include/c++/12.2.0/bits/hashtable.h
both,"make_unique<parlay::internal::hazptr_stack<void *>[]>",_ZSt11make_uniqueIA_N6parlay8internal12hazptr_stackIPvEEENSt8__detail9_MakeUniqIT_E7__arrayEm,ece/project/seth_group/ziqiliu/GCC-12.2.0/lib/gcc/x86_64-linux-gnu/12.2.0/../../../../include/c++/12.2.0/bits/unique_ptr.h
both,"parallel_for<(lambda at ./parlay/internal/delayed/../../utilities.h:552:22)>",_ZN6parlay12parallel_forIZNS_17make_unique_arrayINS_8internal15block_allocatorEZNS2_14pool_allocatorC1ERKSt6vectorImSaImEEEUlmE_EEDamT0_EUlmE_EEvmmT_lb,./parlay/internal/scheduler_plugins/opencilk.h
both,"block_allocator",_ZN6parlay8internal15block_allocatorC2Emmmmm,./parlay/internal/block_allocator.h
both,"parallel_for<(lambda at ./parlay/internal/block_allocator.h:124:32)>",_ZN6parlay12parallel_forIZNS_8internal15block_allocator7reserveEmEUlmE_EEvmmT_lb,./parlay/internal/scheduler_plugins/opencilk.h
untouched,"",_GLOBAL__sub_I_wcTime.C,../bench/wcTime.C
both,"~basic_string",_ZNSt7__cxx1112basic_stringIcSt11char_traitsIcESaIcEED2Ev,ece/project/seth_group/ziqiliu/GCC-12.2.0/lib/gcc/x86_64-linux-gnu/12.2.0/../../../../include/c++/12.2.0/bits/basic_string.h
untouched,"readStringFromFile",_ZN7benchIO18readStringFromFileEPKc,../bench/common/IO.h
untouched,"basic_ifstream",_ZNSt14basic_ifstreamIcSt11char_traitsIcEEC1EPKcSt13_Ios_Openmode,ece/project/seth_group/ziqiliu/GCC-12.2.0/lib/gcc/x86_64-linux-gnu/12.2.0/../../../../include/c++/12.2.0/fstream
defef,"operator<<<std::char_traits<char> >",_ZStlsISt11char_traitsIcEERSt13basic_ostreamIcT_ES5_PKc,ece/project/seth_group/ziqiliu/GCC-12.2.0/lib/gcc/x86_64-linux-gnu/12.2.0/../../../../include/c++/12.2.0/ostream
defef,"endl<char, std::char_traits<char> >",_ZSt4endlIcSt11char_traitsIcEERSt13basic_ostreamIT_T0_ES6_,ece/project/seth_group/ziqiliu/GCC-12.2.0/lib/gcc/x86_64-linux-gnu/12.2.0/../../../../include/c++/12.2.0/ostream
defef,"initialize_fill",_ZN6parlay8sequenceIcNS_9allocatorIcEELb1EE15initialize_fillEmRKc,../bench/parlay/sequence.h
defef,"~basic_filebuf",_ZNSt13basic_filebufIcSt11char_traitsIcEED2Ev,ece/project/seth_group/ziqiliu/GCC-12.2.0/lib/gcc/x86_64-linux-gnu/12.2.0/../../../../include/c++/12.2.0/fstream
defef,"~basic_ifstream",_ZNSt14basic_ifstreamIcSt11char_traitsIcEED1Ev,ece/project/seth_group/ziqiliu/GCC-12.2.0/lib/gcc/x86_64-linux-gnu/12.2.0/../../../../include/c++/12.2.0/fstream
defef,"~basic_streambuf",_ZNSt15basic_streambufIcSt11char_traitsIcEED2Ev,ece/project/seth_group/ziqiliu/GCC-12.2.0/lib/gcc/x86_64-linux-gnu/12.2.0/../../../../include/c++/12.2.0/streambuf
defef,"parallel_for<(lambda at ../bench/parlay/sequence.h:541:24)>",_ZN6parlay12parallel_forIZNS_8sequenceIcNS_9allocatorIcEELb1EE15initialize_fillEmRKcEUlmE_EEvmmT_lb,../bench/parlay/internal/scheduler_plugins/opencilk.h
untouched,"get_tokens",_ZN7benchIO10get_tokensEPKc,../bench/common/IO.h
defef,"file_map",_ZN6parlay8file_mapC2ERKNSt7__cxx1112basic_stringIcSt11char_traitsIcESaIcEEE,../bench/parlay/internal/posix/file_map_impl_posix.h
defef,"parallel_for<(lambda at ../bench/parlay/sequence.h:515:24)>",_ZN6parlay12parallel_forIZNS_8sequenceINS1_ImNS_9allocatorImEELb0EEENS2_IS4_EELb0EEC1IZNS_8internal7delayed25block_delayed_filter_op_tINS_16delayed_sequenceImmZNS_4iotaImEEDaT_EUlmE_EEZNS8_16map_tokens_smallIRNS_8file_mapERZNS_6tokensISI_RN7benchIO3$_0EEENS1_INS1_IcNS2_IcEELb1EEENS2_ISO_EELb0EEEOSD_OT0_EUlSR_E_SM_EEDaSR_ST_OT1_EUlmE_E13filter_blocksIRSF_SY_EEDaSR_ST_EUlmE_EEmSR_NS6_18_from_function_tagEmEUlmE_EEvmmSD_lb,../bench/parlay/internal/scheduler_plugins/opencilk.h
defef,"parallel_for<(lambda at ../bench/parlay/internal/sequence_base.h:192:28)>",_ZN6parlay12parallel_forIZNS_17sequence_internal13sequence_baseINS_8sequenceImNS_9allocatorImEELb0EEENS4_IS6_EELb0EE12storage_impl11destroy_allEvEUlmE_EEvmmT_lb,../bench/parlay/internal/scheduler_plugins/opencilk.h
defef,"free_buffer",_ZN6parlay17sequence_internal13sequence_baseINS_8sequenceImNS_9allocatorImEELb0EEENS3_IS5_EELb0EE12storage_impl18capacitated_buffer11free_bufferERNS3_ISt4byteEE,../bench/parlay/internal/sequence_base.h
defef,"block_delayed_flatten_t<parlay::sequence<parlay::sequence<unsigned long, parlay::allocator<unsigned long>, false>, parlay::allocator<parlay::sequence<unsigned long, parlay::allocator<unsigned long>, false> >, false> >",_ZN6parlay8internal7delayed23block_delayed_flatten_tINS_8sequenceINS3_ImNS_9allocatorImEELb0EEENS4_IS6_EELb0EEEEC2IS8_EEOT_i,../bench/parlay/internal/delayed/flatten.h
defef,"parallel_for<(lambda at ../bench/parlay/internal/delayed/terminal.h:51:34)>",_ZN6parlay12parallel_forIZNS_8internal7delayed11to_sequenceINS2_25block_delayed_filter_op_tINS_16delayed_sequenceImmZNS_4iotaImEEDaT_EUlmE_EEZNS1_16map_tokens_smallIRNS_8file_mapERZNS_6tokensISC_RN7benchIO3$_0EEENS_8sequenceINSH_IcNS_9allocatorIcEELb1EEENSI_ISK_EELb0EEEOS7_OT0_EUlSN_E_SG_EEDaSN_SP_OT1_EUlmE_EELi0EEEDaSN_EUlmE_EEvmmS7_lb,../bench/parlay/internal/scheduler_plugins/opencilk.h
defef,"~block_delayed_flatten_t",_ZN6parlay8internal7delayed23block_delayed_flatten_tINS_8sequenceINS3_ImNS_9allocatorImEELb0EEENS4_IS6_EELb0EEEED2Ev,../bench/parlay/internal/delayed/flatten.h
defef,"parallel_for<(lambda at ../bench/parlay/sequence.h:515:24)>",_ZN6parlay12parallel_forIZNS_8sequenceINS1_IcNS_9allocatorIcEELb1EEENS2_IS4_EELb0EEC1IZNS_8internal16map_tokens_smallIRNS_8file_mapERZNS_6tokensISB_RN7benchIO3$_0EEES6_OT_OT0_EUlSH_E_SF_EEDaSH_SJ_OT1_EUlmE0_EEmSH_NS6_18_from_function_tagEmEUlmE_EEvmmSG_lb,../bench/parlay/internal/scheduler_plugins/opencilk.h
both,"parallel_for<(lambda at ../bench/parlay/internal/sequence_base.h:192:28)>",_ZN6parlay12parallel_forIZNS_17sequence_internal13sequence_baseINS_8sequenceIcNS_9allocatorIcEELb1EEENS4_IS6_EELb0EE12storage_impl11destroy_allEvEUlmE_EEvmmT_lb,../bench/parlay/internal/scheduler_plugins/opencilk.h
both,"free_buffer",_ZN6parlay17sequence_internal13sequence_baseINS_8sequenceIcNS_9allocatorIcEELb1EEENS3_IS5_EELb0EE12storage_impl18capacitated_buffer11free_bufferERNS3_ISt4byteEE,../bench/parlay/internal/sequence_base.h
defef,"parallel_for<(lambda at ../bench/parlay/sequence.h:515:24)>",_ZN6parlay12parallel_forIZNS_8sequenceISt4pairIllENS_9allocatorIS3_EELb0EEC1IZNS_8internal7delayed20block_delayed_scan_tIRNS_16delayed_sequenceIS3_S3_ZNS_10map_tokensIRNS_8file_mapERZNS_6tokensISE_RN7benchIO3$_0EEENS1_INS1_IcNS4_IcEELb1EEENS4_ISK_EELb0EEEOT_OT0_EUlSO_E_SI_EEDaSO_SQ_OT1_EUlmE1_EELb0EZNSC_ISE_SS_SI_EEDaSO_SQ_SU_EUlS3_S3_E_S3_EC1ISX_EESO_SY_S3_EUlmE_EEmSO_NS6_18_from_function_tagEmEUlmE_EEvmmSN_lb,../bench/parlay/internal/scheduler_plugins/opencilk.h
defef,"parallel_for<(lambda at ../bench/parlay/internal/delayed/../sequence_ops.h:168:15)>",_ZN6parlay12parallel_forIZNS_8internal10sliced_forIZNS1_5scan_INS_5sliceIPSt4pairIllES7_EES8_NS_6monoidIZNS_10map_tokensIRNS_8file_mapERZNS_6tokensISC_RN7benchIO3$_0EEENS_8sequenceINSH_IcNS_9allocatorIcEELb1EEENSI_ISK_EELb0EEEOT_OT0_EUlSO_E_SG_EEDaSO_SQ_OT1_EUlS6_S6_E_S6_vEEEEDaRKSN_SP_SU_jbEUlmmmE_EEvmmSY_jEUlmE_EEvmmSN_lb,../bench/parlay/internal/scheduler_plugins/opencilk.h
defef,"parallel_for<(lambda at ../bench/parlay/internal/delayed/../sequence_ops.h:168:15)>",_ZN6parlay12parallel_forIZNS_8internal10sliced_forIZNS1_5scan_INS_5sliceIPSt4pairIllES7_EES8_NS_6monoidIZNS_10map_tokensIRNS_8file_mapERZNS_6tokensISC_RN7benchIO3$_0EEENS_8sequenceINSH_IcNS_9allocatorIcEELb1EEENSI_ISK_EELb0EEEOT_OT0_EUlSO_E_SG_EEDaSO_SQ_OT1_EUlS6_S6_E_S6_vEEEEDaRKSN_SP_SU_jbEUlmmmE0_EEvmmSY_jEUlmE_EEvmmSN_lb,../bench/parlay/internal/scheduler_plugins/opencilk.h
defef,"uninitialized",_ZN6parlay8sequenceINS0_IcNS_9allocatorIcEELb1EEENS1_IS3_EELb0EE13uninitializedEm,../bench/parlay/sequence.h
defef,"parallel_for<(lambda at ../bench/parlay/internal/delayed/terminal.h:147:34)>",_ZN6parlay12parallel_forIZNS_8internal7delayed8for_eachIRNS2_19block_delayed_zip_tIJRNS2_20block_delayed_scan_tIRNS_16delayed_sequenceISt4pairIllES8_ZNS_10map_tokensIRNS_8file_mapERZNS_6tokensISB_RN7benchIO3$_0EEENS_8sequenceINSG_IcNS_9allocatorIcEELb1EEENSH_ISJ_EELb0EEEOT_OT0_EUlSN_E_SF_EEDaSN_SP_OT1_EUlmE1_EELb0EZNS9_ISB_SR_SF_EEDaSN_SP_ST_EUlS8_S8_E_S8_EENS6_ImmZNS_4iotaImEEDaSM_EUlmE_EEEEEZNS9_ISB_SR_SF_EEDaSN_SP_ST_EUlSN_E_Li0EEEvSN_SP_EUlmE_EEvmmSM_lb,../bench/parlay/internal/scheduler_plugins/opencilk.h
defdac,"get_begin_block",_ZN6parlay8internal7delayed19block_delayed_zip_tIJRNS1_20block_delayed_scan_tIRNS_16delayed_sequenceISt4pairIllES6_ZNS_10map_tokensIRNS_8file_mapERZNS_6tokensIS9_RN7benchIO3$_0EEENS_8sequenceINSE_IcNS_9allocatorIcEELb1EEENSF_ISH_EELb0EEEOT_OT0_EUlSL_E_SD_EEDaSL_SN_OT1_EUlmE1_EELb0EZNS7_IS9_SP_SD_EEDaSL_SN_SR_EUlS6_S6_E_S6_EENS4_ImmZNS_4iotaImEEDaSK_EUlmE_EEEE15get_begin_blockEm,../bench/parlay/internal/delayed/zip.h
both,"initialize_range<const char *>",_ZN6parlay8sequenceIcNS_9allocatorIcEELb1EE16initialize_rangeIPKcEEvT_S7_St26random_access_iterator_tag,../bench/parlay/sequence.h
both,"parallel_for<(lambda at ../bench/parlay/sequence.h:570:24)>",_ZN6parlay12parallel_forIZNS_8sequenceIcNS_9allocatorIcEELb1EE16initialize_rangeIPKcEEvT_S8_St26random_access_iterator_tagEUlmE_EEvmmS8_lb,../bench/parlay/internal/scheduler_plugins/opencilk.h
defdac,"scan_serial<parlay::slice<std::pair<long, long> *, std::pair<long, long> *>, parlay::slice<std::pair<long, long> *, std::pair<long, long> *>, parlay::monoid<(lambda at ../bench/common/../parlay/primitives.h:1091:12), std::pair<long, long>, void> &>",_ZN6parlay8internal11scan_serialINS_5sliceIPSt4pairIllES5_EES6_RNS_6monoidIZNS_10map_tokensIRNS_8file_mapERZNS_6tokensISA_RN7benchIO3$_0EEENS_8sequenceINSF_IcNS_9allocatorIcEELb1EEENSG_ISI_EELb0EEEOT_OT0_EUlSM_E_SE_EEDaSM_SO_OT1_EUlS4_S4_E_S4_vEEEEDaRKSL_SN_SS_NS_13type_identityIDtsr3std18remove_reference_tISR_EE8identityEE4typeEjb,../bench/parlay/internal/delayed/../sequence_ops.h
defef,"free_buffer",_ZN6parlay17sequence_internal13sequence_baseIPmNS_9allocatorIS2_EELb0EE12storage_impl18capacitated_buffer11free_bufferERNS3_ISt4byteEE,../bench/parlay/internal/sequence_base.h
defef,"free_buffer",_ZN6parlay17sequence_internal13sequence_baseIPNS_8sequenceImNS_9allocatorImEELb0EEENS3_IS6_EELb0EE12storage_impl18capacitated_buffer11free_bufferERNS3_ISt4byteEE,../bench/parlay/internal/sequence_base.h
defef,"initialize_iterators",_ZN6parlay8internal7delayed23block_delayed_flatten_tINS_8sequenceINS3_ImNS_9allocatorImEELb0EEENS4_IS6_EELb0EEEE20initialize_iteratorsEv,../bench/parlay/internal/delayed/flatten.h
defef,"~sequence_base",_ZN6parlay17sequence_internal13sequence_baseIPmNS_9allocatorIS2_EELb0EED2Ev,../bench/parlay/internal/sequence_base.h
defef,"~sequence_base",_ZN6parlay17sequence_internal13sequence_baseIPNS_8sequenceImNS_9allocatorImEELb0EEENS3_IS6_EELb0EED2Ev,../bench/parlay/internal/sequence_base.h
defef,"~block_iterable_view_base_data",_ZN6parlay8internal7delayed29block_iterable_view_base_dataINS_8sequenceINS3_ImNS_9allocatorImEELb0EEENS4_IS6_EELb0EEEED2Ev,../bench/parlay/internal/delayed/common.h
defef,"initialize_range<parlay::delayed_sequence<unsigned long, unsigned long, (lambda at ../bench/parlay/internal/delayed/../sequence_ops.h:129:30)>::iterator>",_ZN6parlay8sequenceImNS_9allocatorImEELb0EE16initialize_rangeINS_16delayed_sequenceImmZNS_8internal11delayed_mapIRNS0_IS3_NS1_IS3_EELb0EEEZNS6_7delayed23block_delayed_flatten_tIS9_E20initialize_iteratorsEvEUlOT_E_Li0EEEDaSF_T0_EUlmE_E8iteratorEEEvSE_SE_St26random_access_iterator_tag,../bench/parlay/sequence.h
defef,"uninitialized",_ZN6parlay8sequenceIPNS0_ImNS_9allocatorImEELb0EEENS1_IS4_EELb0EE13uninitializedEm,../bench/parlay/sequence.h
defef,"uninitialized",_ZN6parlay8sequenceIPmNS_9allocatorIS1_EELb0EE13uninitializedEm,../bench/parlay/sequence.h
defef,"parallel_for<(lambda at ../bench/parlay/internal/delayed/flatten.h:171:41)>",_ZN6parlay12parallel_forIZNS_8internal7delayed23block_delayed_flatten_tINS_8sequenceINS4_ImNS_9allocatorImEELb0EEENS5_IS7_EELb0EEEE20initialize_iteratorsEvEUlmE_EEvmmT_lb,../bench/parlay/internal/scheduler_plugins/opencilk.h
defef,"parallel_for<(lambda at ../bench/parlay/sequence.h:570:24)>",_ZN6parlay12parallel_forIZNS_8sequenceImNS_9allocatorImEELb0EE16initialize_rangeINS_16delayed_sequenceImmZNS_8internal11delayed_mapIRNS1_IS4_NS2_IS4_EELb0EEEZNS7_7delayed23block_delayed_flatten_tISA_E20initialize_iteratorsEvEUlOT_E_Li0EEEDaSG_T0_EUlmE_E8iteratorEEEvSF_SF_St26random_access_iterator_tagEUlmE_EEvmmSF_lb,../bench/parlay/internal/scheduler_plugins/opencilk.h
defdac,"parallel_for<(lambda at ../bench/parlay/internal/delayed/../../utilities.h:384:31)>",_ZN6parlay12parallel_forIZNS_26uninitialized_relocate_n_aIPmS2_SaImEEEvT_T0_mRT1_EUlmE_EEvmmS4_lb,../bench/parlay/internal/scheduler_plugins/opencilk.h
defdac,"deallocate",_ZN6parlay9allocatorImE10deallocateEPmm,../bench/parlay/internal/../alloc.h
untouched,"dataType",_ZN7benchIO8dataTypeEl,../bench/common/sequenceIO.h
untouched,"dataType",_ZN7benchIO8dataTypeEi,../bench/common/sequenceIO.h
untouched,"dataType",_ZN7benchIO8dataTypeEj,../bench/common/sequenceIO.h
untouched,"dataType",_ZN7benchIO8dataTypeEd,../bench/common/sequenceIO.h
untouched,"dataType",_ZN7benchIO8dataTypeEN6parlay8sequenceIcNS0_9allocatorIcEELb1EEE,../bench/common/sequenceIO.h
untouched,"dataType",_ZN7benchIO8dataTypeEPc,../bench/common/sequenceIO.h
untouched,"dataType",_ZN7benchIO8dataTypeESt4pairIiiE,../bench/common/sequenceIO.h
untouched,"dataType",_ZN7benchIO8dataTypeESt4pairIjjE,../bench/common/sequenceIO.h
untouched,"dataType",_ZN7benchIO8dataTypeESt4pairIjiE,../bench/common/sequenceIO.h
untouched,"dataType",_ZN7benchIO8dataTypeESt4pairIllE,../bench/common/sequenceIO.h
untouched,"dataType",_ZN7benchIO8dataTypeESt4pairIN6parlay8sequenceIcNS1_9allocatorIcEELb1EEElE,../bench/common/sequenceIO.h
untouched,"dataType",_ZN7benchIO8dataTypeESt4pairIddE,../bench/common/sequenceIO.h
untouched,"seqHeader",_ZN7benchIO9seqHeaderB5cxx11ENS_11elementTypeE,../bench/common/sequenceIO.h
untouched,"read_long",_ZN7benchIO9read_longERKN6parlay8sequenceIcNS0_9allocatorIcEELb1EEE,../bench/common/sequenceIO.h
untouched,"read_double",_ZN7benchIO11read_doubleERKN6parlay8sequenceIcNS0_9allocatorIcEELb1EEE,../bench/common/sequenceIO.h
untouched,"chars_to_float_t<double, 18UL, 22L, 53L, (lambda at ../bench/common/../parlay/io.h:257:60)>",_ZN6parlay8internal16chars_to_float_tIdLm18ELl22ELl53EZNS_15chars_to_doubleERKNS_8sequenceIcNS_9allocatorIcEELb1EEEEUlRKT_E_EES8_S7_OT3_,../bench/common/../parlay/io.h
defef,"operator()<parlay::sequence<char, parlay::allocator<char>, true> >",_ZZN6parlay15chars_to_doubleERKNS_8sequenceIcNS_9allocatorIcEELb1EEEENKUlRKT_E_clIS3_EEDaS8_,../bench/common/../parlay/io.h
defef,"chars_to_int_t<unsigned long, const char *>",_ZN6parlay8internal14chars_to_int_tImPKcEET_NS_5sliceIT0_S6_EE,../bench/common/../parlay/io.h
defef,"writeHistogramsToFile",_Z21writeHistogramsToFileN6parlay8sequenceISt4pairINS0_IcNS_9allocatorIcEELb1EEEmENS2_IS5_EELb0EEEPc,../bench/wcTime.C
defef,"to_chars",_ZN6parlay8to_charsEc,../bench/common/../parlay/io.h
defef,"parallel_for<(lambda at ../bench/parlay/sequence.h:515:24)>",_ZN6parlay12parallel_forIZNS_8sequenceINS1_IcNS_9allocatorIcEELb1EEENS2_IS4_EELb0EEC1IZNS_8internal3mapIRKNS1_ISt4pairIS4_mENS2_ISB_EELb0EEEZ21writeHistogramsToFileSD_PcE3$_1EEDaOT_OT0_mEUlmE_EEmSJ_NS6_18_from_function_tagEmEUlmE_EEvmmSI_lb,../bench/parlay/internal/scheduler_plugins/opencilk.h
defef,"flatten<char>",_ZN6parlay7flattenIcEEDaONS_8sequenceINS1_IT_NS_9allocatorIS2_EEXsr3std7is_sameIS2_cEE5valueEEENS3_IS5_EEXsr3std7is_sameIS5_cEE5valueEEE,../bench/common/../parlay/primitives.h
defef,"chars_to_file",_ZN6parlay13chars_to_fileERKNS_8sequenceIcNS_9allocatorIcEELb1EEERKNSt7__cxx1112basic_stringIcSt11char_traitsIcESaIcEEE,../bench/common/../parlay/io.h
defef,"~sequence_base",_ZN6parlay17sequence_internal13sequence_baseINS_8sequenceIcNS_9allocatorIcEELb1EEENS3_IS5_EELb0EED2Ev,../bench/parlay/internal/sequence_base.h
defef,"basic_ofstream",_ZNSt14basic_ofstreamIcSt11char_traitsIcEEC1ERKNSt7__cxx1112basic_stringIcS1_SaIcEEESt13_Ios_Openmode,ece/project/seth_group/ziqiliu/GCC-12.2.0/lib/gcc/x86_64-linux-gnu/12.2.0/../../../../include/c++/12.2.0/fstream
defef,"~basic_ofstream",_ZNSt14basic_ofstreamIcSt11char_traitsIcEED1Ev,ece/project/seth_group/ziqiliu/GCC-12.2.0/lib/gcc/x86_64-linux-gnu/12.2.0/../../../../include/c++/12.2.0/fstream
defef,"sequence<(lambda at ../bench/common/../parlay/primitives.h:998:5)>",_ZN6parlay8sequenceImNS_9allocatorImEELb0EEC2IZNS_7flattenIcEEDaONS0_INS0_IT_NS1_IS6_EEXsr3std7is_sameIS6_cEE5valueEEENS1_IS8_EEXsr3std7is_sameIS8_cEE5valueEEEEUlmE_EEmOS6_NS3_18_from_function_tagEm,../bench/parlay/sequence.h
both,"sequence",_ZN6parlay8sequenceIcNS_9allocatorIcEELb1EEC2EmNS3_18_uninitialized_tagE,../bench/parlay/sequence.h
defef,"parallel_for<(lambda at ../bench/common/../parlay/primitives.h:1001:36)>",_ZN6parlay12parallel_forIZNS_7flattenIcEEDaONS_8sequenceINS2_IT_NS_9allocatorIS3_EEXsr3std7is_sameIS3_cEE5valueEEENS4_IS6_EEXsr3std7is_sameIS6_cEE5valueEEEEUlmE0_EEvmmS3_lb,../bench/parlay/internal/scheduler_plugins/opencilk.h
defdac,"parallel_for<(lambda at ../bench/parlay/internal/delayed/../../utilities.h:384:31)>",_ZN6parlay12parallel_forIZNS_26uninitialized_relocate_n_aIPcS2_SaIcEEEvT_T0_mRT1_EUlmE_EEvmmS4_lb,../bench/parlay/internal/scheduler_plugins/opencilk.h
defef,"parallel_for<(lambda at ../bench/parlay/sequence.h:515:24)>",_ZN6parlay12parallel_forIZNS_8sequenceImNS_9allocatorImEELb0EEC1IZNS_7flattenIcEEDaONS1_INS1_IT_NS2_IS7_EEXsr3std7is_sameIS7_cEE5valueEEENS2_IS9_EEXsr3std7is_sameIS9_cEE5valueEEEEUlmE_EEmOS7_NS4_18_from_function_tagEmEUlmE_EEvmmS7_lb,../bench/parlay/internal/scheduler_plugins/opencilk.h
defdac,"storage_impl",_ZN6parlay17sequence_internal13sequence_baseIcNS_9allocatorIcEELb1EE12storage_implC2ERKS5_,../bench/parlay/internal/sequence_base.h
defdac,"initialize_range<const parlay::sequence<char, parlay::allocator<char>, true> *>",_ZN6parlay8sequenceINS0_IcNS_9allocatorIcEELb1EEENS1_IS3_EELb0EE16initialize_rangeIPKS3_EEvT_S9_St26random_access_iterator_tag,../bench/parlay/sequence.h
defdac,"flatten<parlay::sequence<parlay::sequence<char, parlay::allocator<char>, true>, parlay::allocator<parlay::sequence<char, parlay::allocator<char>, true> >, false> &>",_ZN6parlay7flattenIRNS_8sequenceINS1_IcNS_9allocatorIcEELb1EEENS2_IS4_EELb0EEEEEDaOT_,../bench/common/../parlay/primitives.h
defdac,"sequence<(lambda at ../bench/common/../parlay/primitives.h:979:44)>",_ZN6parlay8sequenceImNS_9allocatorImEELb0EEC2IZNS_7flattenIRNS0_INS0_IcNS1_IcEELb1EEENS1_IS7_EELb0EEEEEDaOT_EUlmE_EEmSC_NS3_18_from_function_tagEm,../bench/parlay/sequence.h
defdac,"parallel_for<(lambda at ../bench/common/../parlay/primitives.h:983:36)>",_ZN6parlay12parallel_forIZNS_7flattenIRNS_8sequenceINS2_IcNS_9allocatorIcEELb1EEENS3_IS5_EELb0EEEEEDaOT_EUlmE0_EEvmmS9_lb,../bench/parlay/internal/scheduler_plugins/opencilk.h
defdac,"parallel_for<(lambda at ../bench/common/../parlay/primitives.h:986:42)>",_ZN6parlay12parallel_forIZZNS_7flattenIRNS_8sequenceINS2_IcNS_9allocatorIcEELb1EEENS3_IS5_EELb0EEEEEDaOT_ENKUlmE0_clEmEUlmE_EEvmmS9_lb,../bench/parlay/internal/scheduler_plugins/opencilk.h
defdac,"parallel_for<(lambda at ../bench/parlay/sequence.h:515:24)>",_ZN6parlay12parallel_forIZNS_8sequenceImNS_9allocatorImEELb0EEC1IZNS_7flattenIRNS1_INS1_IcNS2_IcEELb1EEENS2_IS8_EELb0EEEEEDaOT_EUlmE_EEmSD_NS4_18_from_function_tagEmEUlmE_EEvmmSC_lb,../bench/parlay/internal/scheduler_plugins/opencilk.h
defdac,"parallel_for<(lambda at ../bench/parlay/sequence.h:570:24)>",_ZN6parlay12parallel_forIZNS_8sequenceINS1_IcNS_9allocatorIcEELb1EEENS2_IS4_EELb0EE16initialize_rangeIPKS4_EEvT_SA_St26random_access_iterator_tagEUlmE_EEvmmSA_lb,../bench/parlay/internal/scheduler_plugins/opencilk.h
defdac,"parallel_for<(lambda at ../bench/parlay/internal/sequence_base.h:129:19)>",_ZN6parlay12parallel_forIZNS_17sequence_internal13sequence_baseIcNS_9allocatorIcEELb1EE12storage_implC1ERKS6_EUlmE_EEvmmT_lb,../bench/parlay/internal/scheduler_plugins/opencilk.h
defef,"timeWordCounts",_Z14timeWordCountsRKN6parlay8sequenceIcNS_9allocatorIcEELb1EEEibPc,../bench/wcTime.C
defef,"storage_impl",_ZN6parlay17sequence_internal13sequence_baseISt4pairINS_8sequenceIcNS_9allocatorIcEELb1EEEmENS4_IS7_EELb0EE12storage_implC2ERKSA_,../bench/parlay/internal/sequence_base.h
defef,"parallel_for<(lambda at ../bench/parlay/internal/sequence_base.h:129:19)>",_ZN6parlay12parallel_forIZNS_17sequence_internal13sequence_baseISt4pairINS_8sequenceIcNS_9allocatorIcEELb1EEEmENS5_IS8_EELb0EE12storage_implC1ERKSB_EUlmE_EEvmmT_lb,../bench/parlay/internal/scheduler_plugins/opencilk.h
untouched,"main",,../bench/wcTime.C
untouched,"commandLine",_ZN11commandLineC2EiPPcNSt7__cxx1112basic_stringIcSt11char_traitsIcESaIcEEE,../bench/common/parse_command_line.h
defef,"getOptionValue",_ZN11commandLine14getOptionValueENSt7__cxx1112basic_stringIcSt11char_traitsIcESaIcEEE,../bench/common/parse_command_line.h
defef,"getOption",_ZN11commandLine9getOptionENSt7__cxx1112basic_stringIcSt11char_traitsIcESaIcEEE,../bench/common/parse_command_line.h
defef,"getOptionIntValue",_ZN11commandLine17getOptionIntValueENSt7__cxx1112basic_stringIcSt11char_traitsIcESaIcEEEi,../bench/common/parse_command_line.h
defef,"operator<<<char, std::char_traits<char>, std::allocator<char> >",_ZStlsIcSt11char_traitsIcESaIcEERSt13basic_ostreamIT_T0_ES7_RKNSt7__cxx1112basic_stringIS4_S5_T1_EE,ece/project/seth_group/ziqiliu/GCC-12.2.0/lib/gcc/x86_64-linux-gnu/12.2.0/../../../../include/c++/12.2.0/bits/basic_string.h
